strategy,pca_dims,tsne_perplexity,algo,k_or_mcs,min_samples,n_clusters_raw,n_clusters,noise_pct,mean_weighted_d,cluster_count_factor,entropy_factor,min_step_entropy,min_agent_entropy,composite_score,passes_verification
tsne3d_hdbscan,20,50,hdbscan,50,3,53,5,34.89702517162471,2.6385514166534576,1.0,0.8280487889989393,0.2127275731183437,0.9339539239405709,1.422401893248727,False
tsne3d_hdbscan,20,50,hdbscan,50,5,48,6,36.97559115179253,2.5280546635881214,1.0,0.8335547486784919,0.21131472183513653,0.9352673880410242,1.3280957017606079,False
tsne3d_hdbscan,20,150,hdbscan,50,3,44,6,45.13729977116705,2.861513966148113,1.0,0.7924788566857295,0.2375497393865274,0.9434510110497435,1.2441155917137805,False
tsne3d_hdbscan,20,125,hdbscan,50,3,47,5,43.19221967963387,2.6643056249952766,1.0,0.8066311929404133,0.2132456006555656,0.9499514266913197,1.220862837800491,False
tsne3d_hdbscan,20,150,hdbscan,50,5,40,5,51.85926773455377,2.8583861638706276,1.0,0.7788230121028739,0.2864984666746567,0.9465423227324055,1.071697871726502,False
tsne3d_hdbscan,20,100,hdbscan,50,10,38,5,52.707856598016775,2.7000813235583254,1.0,0.7845955144124361,0.21398696872998907,0.9420156910500881,1.0018706719358097,False
tsne3d_hdbscan,20,75,hdbscan,50,3,48,7,37.27116704805492,1.7996135349666116,1.0,0.8465402761785454,0.23838693620976015,0.9377661618706604,0.9556394817560891,False
tsne3d_hdbscan,20,50,hdbscan,100,3,28,7,32.57055682684973,1.6336784205620247,1.0,0.8671900074381476,0.2127275731183437,0.9290560732729137,0.9552793957925183,False
tsne3d_hdbscan,20,75,hdbscan,50,5,45,8,43.21128909229596,1.8580450523955871,1.0,0.8502655077122424,0.2850633637594654,0.9331474239484889,0.8971660114122539,False
tsne3d_hdbscan,20,100,hdbscan,50,25,28,6,64.39740655987795,3.10664559652498,1.0,0.7986452986590109,0.20689031040872755,0.9433438051671602,0.8833387585418807,False
tsne3d_hdbscan,20,125,hdbscan,50,25,26,7,61.470251716247134,2.296540540233087,1.0,0.8369849468555046,0.24475746032136664,0.932572845486422,0.7406072094218886,False
tsne3d_hdbscan,20,100,hdbscan,50,3,40,9,39.426010678871094,2.0220930244672397,0.7,0.8471141729614207,0.23406493401435471,0.9347985842717284,0.7263188168105419,False
tsne3d_hdbscan,20,150,hdbscan,50,25,27,7,61.97559115179252,2.2001527771217058,1.0,0.8275039590174255,0.24675030714310922,0.9467696112580672,0.6922857468004809,False
tsne3d_hdbscan,20,125,hdbscan,50,10,30,6,55.70175438596491,1.854123902156326,1.0,0.8299866754844197,0.23419411371335444,0.9358114122851094,0.6817048749218412,False
tsne3d_hdbscan,20,150,hdbscan,50,10,30,7,53.337147215865755,1.6808943540024752,1.0,0.851006663456572,0.2344452546238253,0.930108952461659,0.6674898489469854,False
tsne3d_hdbscan,20,100,hdbscan,50,5,37,9,48.97978642257819,2.2581565616592023,0.7,0.8152064147717867,0.2925911484328023,0.9399814600166696,0.657448819209149,False
tsne3d_hdbscan,20,50,hdbscan,50,25,17,6,54.710144927536234,1.6632494008649554,1.0,0.86720038856265,0.19564141280825464,0.9197528149059657,0.6532475211533896,False
tsne3d_hdbscan,20,150,hdbscan,100,5,17,7,47.549580472921434,1.3337775048278484,1.0,0.8701905253854597,0.2864984666746567,0.9332643444383091,0.6087608364561083,False
tsne3d_hdbscan,20,150,hdbscan,100,25,9,7,54.40503432494279,1.4164798532129714,1.0,0.858746264215116,0.24675030714310922,0.9103426668456741,0.5546156953542587,False
tsne3d_hdbscan,20,100,hdbscan,400,3,7,6,39.750190694126616,0.8471148622690292,1.0,0.8914565885679409,0.6607559014000526,0.927636055747807,0.4549861504017917,False
tsne3d_hdbscan,20,125,hdbscan,200,5,6,5,38.339054157131955,0.7638534940302567,1.0,0.8786596658771058,0.43292106362480204,0.918307821465937,0.4138480781408383,False
tsne3d_hdbscan,20,125,hdbscan,100,5,22,9,51.54462242562929,1.4014943508798383,0.7,0.8678651008980962,0.43292106362480204,0.9377729478727315,0.41255665599736896,False
tsne3d_hdbscan,20,150,hdbscan,400,3,6,5,48.255148741418765,0.8566026429671659,1.0,0.8883210604914024,0.625046648041947,0.9300872337247484,0.39374632331538295,False
tsne3d_hdbscan,20,150,hdbscan,200,5,10,9,50.238367658276125,1.2657356342141184,0.7,0.8700229441417022,0.2864984666746567,0.9260950127069281,0.38358920001273483,False
tsne3d_hdbscan,20,150,hdbscan,400,10,6,5,61.83257055682685,1.0688449065751882,1.0,0.8827432225508061,0.503217012852706,0.930108952461659,0.3601156498608409,False
tsne3d_hdbscan,20,75,hdbscan,400,25,4,3,56.922196796338675,0.938221377493121,1.0,0.8800696593559256,0.546974346366423,0.9085940152171674,0.3556934934624635,False
tsne3d_hdbscan,20,125,hdbscan,400,10,5,4,54.528985507246375,0.8622479474002556,1.0,0.890203416653871,0.5681472016415366,0.9188462132115366,0.3490246254771779,False
tsne3d_hdbscan,20,125,hdbscan,800,10,5,4,54.528985507246375,0.8622479474002556,1.0,0.890203416653871,0.5681472016415366,0.9188462132115366,0.3490246254771779,False
tsne3d_hdbscan,20,50,hdbscan,400,3,7,6,35.6788710907704,0.5939919494505461,1.0,0.9013216776230908,0.7133133538946855,0.925274855893058,0.3443610579937831,False
tsne3d_hdbscan,20,125,hdbscan,400,25,5,4,65.90389016018307,1.1344594644667871,1.0,0.88341036715671,0.5429554175595264,0.926353922614961,0.34170891201904424,False
tsne3d_hdbscan,20,150,hdbscan,400,5,3,2,36.94698703279939,0.5656472361507444,1.0,0.8928244666440722,0.6157037348502187,0.9226073612630911,0.31843265395689413,False
tsne3d_hdbscan,20,150,hdbscan,800,5,3,2,36.94698703279939,0.5656472361507444,1.0,0.8928244666440722,0.6157037348502187,0.9226073612630911,0.31843265395689413,False
tsne3d_hdbscan,20,150,hdbscan,400,25,3,2,51.1441647597254,0.7106198648021735,1.0,0.8864241129981799,0.5447430526757023,0.9162228131904406,0.30774807675576366,False
tsne3d_hdbscan,20,150,hdbscan,800,25,3,2,51.1441647597254,0.7106198648021735,1.0,0.8864241129981799,0.5447430526757023,0.9162228131904406,0.30774807675576366,False
tsne3d_hdbscan,20,150,hdbscan,800,3,3,2,30.68268497330282,0.49188253649779,1.0,0.8939371875361568,0.625046648041947,0.9251722398485952,0.3047966155195599,False
tsne3d_hdbscan,20,100,hdbscan,400,25,3,2,69.9370709382151,1.1619548882541146,1.0,0.87199650468051,0.45354343971686123,0.9122550870495829,0.30460379056432363,False
tsne3d_hdbscan,20,125,hdbscan,400,5,3,2,25.81045003813883,0.4298163494167351,1.0,0.8954093837529709,0.6249216773132509,0.9305649100751552,0.2855270834949732,False
tsne3d_hdbscan,20,125,hdbscan,800,5,3,2,25.81045003813883,0.4298163494167351,1.0,0.8954093837529709,0.6249216773132509,0.9305649100751552,0.2855270834949732,False
tsne3d_hdbscan,20,100,hdbscan,400,10,3,2,37.166285278413426,0.5073747908517373,1.0,0.8937054867875938,0.6063283624769276,0.9249816589798263,0.2849154796884208,False
tsne3d_hdbscan,20,100,hdbscan,800,10,3,2,37.166285278413426,0.5073747908517373,1.0,0.8937054867875938,0.6063283624769276,0.9249816589798263,0.2849154796884208,False
tsne3d_hdbscan,20,100,hdbscan,800,3,4,3,35.6979405034325,0.48047436815199107,1.0,0.8966273212642313,0.6607559014000526,0.9174384414544704,0.2770174169983536,False
tsne3d_hdbscan,20,100,hdbscan,400,5,5,4,52.80320366132724,0.6543254337631632,1.0,0.8944684269241439,0.627029127196379,0.9266219492689088,0.27623031417822685,False
tsne3d_hdbscan,20,100,hdbscan,100,10,20,10,52.08810068649885,1.607962638502552,0.4,0.8605252089200005,0.21398696872998907,0.9389364949131783,0.26518132100688957,False
tsne3d_hdbscan,20,50,hdbscan,100,25,3,2,26.554157131960338,0.4008501068031077,1.0,0.8986368197436773,0.19564141280825464,0.9379090132368071,0.26456563480317896,False
tsne3d_hdbscan,20,50,hdbscan,200,25,3,2,26.554157131960338,0.4008501068031077,1.0,0.8986368197436773,0.19564141280825464,0.9379090132368071,0.26456563480317896,False
tsne3d_hdbscan,20,125,hdbscan,100,25,14,10,61.25095347063311,1.8937185367859874,0.4,0.8527552767398894,0.24475746032136664,0.932572845486422,0.25030000465337354,False
tsne3d_hdbscan,20,50,hdbscan,200,5,3,2,11.098398169336384,0.3082074756765306,1.0,0.9006177862827072,0.21131472183513653,0.9386291245163291,0.2467705188502201,False
tsne3d_hdbscan,20,150,hdbscan,100,10,18,10,49.22768878718535,1.3653857833830747,0.4,0.8730973956886068,0.2344452546238253,0.9313825257626749,0.2421056887366212,False
tsne3d_hdbscan,20,100,hdbscan,200,10,11,10,49.513729977116704,1.3436554449537383,0.4,0.8693691588718745,0.21398696872998907,0.9389364949131783,0.23589863227090685,False
tsne3d_hdbscan,20,75,hdbscan,400,10,5,4,54.710144927536234,0.57494310791725,1.0,0.8928861632749036,0.6049106177644834,0.9303469844457116,0.23249943194274558,False
tsne3d_hdbscan,20,50,hdbscan,800,3,5,4,47.091914569031275,0.48288009707504365,1.0,0.9071930409008478,0.8498258432240374,0.925274855893058,0.2317720497546886,False
tsne3d_hdbscan,20,50,hdbscan,400,5,4,3,24.570938215102974,0.31965498389293023,1.0,0.9003762361773567,0.7750382109723721,0.930975369835392,0.21709219511055655,False
tsne3d_hdbscan,20,50,hdbscan,800,5,4,3,24.570938215102974,0.31965498389293023,1.0,0.9003762361773567,0.7750382109723721,0.930975369835392,0.21709219511055655,False
tsne3d_hdbscan,20,100,hdbscan,100,25,3,2,25.333714721586574,0.31961552231473633,1.0,0.8994976522535114,0.20689031040872755,0.9372753663034189,0.2146606511201589,False
tsne3d_hdbscan,20,100,hdbscan,200,25,3,2,25.333714721586574,0.31961552231473633,1.0,0.8994976522535114,0.20689031040872755,0.9372753663034189,0.2146606511201589,False
tsne3d_hdbscan,20,75,hdbscan,50,25,3,2,13.958810068649885,0.27580585636070476,1.0,0.9016003901959835,0.23043163307877515,0.9374309615839986,0.21395575986302962,False
tsne3d_hdbscan,20,75,hdbscan,100,25,3,2,13.958810068649885,0.27580585636070476,1.0,0.9016003901959835,0.23043163307877515,0.9374309615839986,0.21395575986302962,False
tsne3d_hdbscan,20,75,hdbscan,200,25,3,2,13.958810068649885,0.27580585636070476,1.0,0.9016003901959835,0.23043163307877515,0.9374309615839986,0.21395575986302962,False
tsne3d_hdbscan,20,50,hdbscan,400,10,5,4,62.976735316552244,0.5949639233853228,1.0,0.9078613349172686,0.8378361758202939,0.9264680775239015,0.19997921739783847,False
tsne3d_hdbscan,20,75,hdbscan,200,3,3,2,8.972158657513349,0.22750339498380875,1.0,0.9024429242688563,0.23838693620976015,0.9386561652231677,0.18688819517000696,False
tsne3d_hdbscan,20,150,hdbscan,800,10,4,3,64.64530892448512,0.5832063831836389,1.0,0.8937514741964968,0.7296847317907134,0.930108952461659,0.18428334496789012,False
tsne3d_hdbscan,20,125,hdbscan,800,3,4,3,54.614797864225785,0.43582659863895845,1.0,0.9098075560058425,0.8646407383458515,0.9241807271342598,0.17996064673324164,False
tsne3d_hdbscan,20,150,hdbscan,200,25,3,2,29.13806254767353,0.27321769887145975,1.0,0.8986396436893155,0.24675030714310922,0.9370429998974761,0.17398324440767154,False
tsne3d_hdbscan,20,125,hdbscan,200,25,3,2,27.38367658276125,0.2551491365657432,1.0,0.8994737506980697,0.24475746032136664,0.9376353598895713,0.166654426554663,False
tsne3d_hdbscan,20,125,hdbscan,100,10,3,2,22.940503432494282,0.23784070368379923,1.0,0.8984177374591891,0.23419411371335444,0.9377862022825467,0.16466096874509015,False
tsne3d_hdbscan,20,125,hdbscan,200,10,3,2,22.940503432494282,0.23784070368379923,1.0,0.8984177374591891,0.23419411371335444,0.9377862022825467,0.16466096874509015,False
tsne3d_hdbscan,20,75,hdbscan,100,5,3,2,13.22463768115942,0.20678428042010627,1.0,0.9017608430410603,0.2850633637594654,0.9385198855869233,0.16180998951415265,False
tsne3d_hdbscan,20,75,hdbscan,200,5,3,2,13.22463768115942,0.20678428042010627,1.0,0.9017608430410603,0.2850633637594654,0.9385198855869233,0.16180998951415265,False
tsne3d_hdbscan,20,100,hdbscan,200,5,3,2,13.415331807780321,0.19721794468300763,1.0,0.9018467485091524,0.2925911484328023,0.9383142483228297,0.15399980442174077,False
tsne3d_hdbscan,20,125,hdbscan,400,3,3,2,26.763920671243323,0.2079999152822567,1.0,0.9009039265399091,0.5044930583913645,0.9333431313740683,0.13723558068222205,False
tsne3d_hdbscan,20,50,hdbscan,400,25,3,2,62.63348588863463,0.3692524464196991,1.0,0.9041601257742322,0.8118501941090701,0.926288326224239,0.12475309145489442,False
tsne3d_hdbscan,20,50,hdbscan,800,25,3,2,62.63348588863463,0.3692524464196991,1.0,0.9041601257742322,0.8118501941090701,0.926288326224239,0.12475309145489442,False
tsne3d_hdbscan,20,50,hdbscan,100,5,31,11,37.55720823798627,2.0719393952383163,0.1,0.855762869008388,0.21131472183513653,0.9346435838173133,0.11071661479392593,False
tsne3d_hdbscan,20,75,hdbscan,400,5,3,2,39.46414950419527,0.18847194558219266,1.0,0.9069380676578918,0.8605896573882014,0.9302856093246095,0.10347537129757833,False
tsne3d_hdbscan,20,75,hdbscan,800,5,3,2,39.46414950419527,0.18847194558219266,1.0,0.9069380676578918,0.8605896573882014,0.9302856093246095,0.10347537129757833,False
tsne3d_hdbscan,20,75,hdbscan,800,10,3,2,60.64073226544623,0.2769901119489558,1.0,0.9101071572584619,0.8716059233432997,0.9289673566303941,0.09922104700326216,False
tsne3d_hdbscan,20,50,hdbscan,800,10,3,2,59.37261632341724,0.255690644834492,1.0,0.9014334580407046,0.8672236902736141,0.9241901135148083,0.09364128559415412,False
tsne3d_hdbscan,20,100,hdbscan,100,3,24,14,37.10907704042716,1.6582984552275264,0.1,0.8680536229731489,0.23406493401435471,0.9347985842717284,0.09053097934283635,False
tsne3d_hdbscan,20,75,hdbscan,50,10,33,11,47.00610221205187,2.0024552187569737,0.1,0.8478259983366323,0.21398696872998907,0.937376638327014,0.08996952060284856,False
tsne3d_hdbscan,20,125,hdbscan,100,3,23,12,41.96224256292906,1.6364705674317825,0.1,0.868546446222816,0.2132456006555656,0.9437323789624883,0.08249200690953266,False
tsne3d_hdbscan,20,75,hdbscan,100,3,28,13,39.29252479023646,1.5523851903591643,0.1,0.8738431525795161,0.23838693620976015,0.9377661618706604,0.08235218937359448,False
tsne3d_hdbscan,20,50,hdbscan,200,3,13,11,30.434782608695656,1.2763953582591043,0.1,0.8815699170158117,0.2127275731183437,0.925274855893058,0.07827699130851103,False
tsne3d_hdbscan,20,75,hdbscan,100,10,22,14,47.549580472921434,1.7209184586215198,0.1,0.8579039273251045,0.21398696872998907,0.937376638327014,0.0774368922208374,False
tsne3d_hdbscan,20,150,hdbscan,100,3,22,11,48.83676582761251,1.7580917857877065,0.1,0.8582658793443387,0.2375497393865274,0.9385339261586236,0.0772007255238337,False
tsne3d_hdbscan,20,75,hdbscan,400,3,3,2,26.51601830663616,0.11512305749279442,1.0,0.9096344365155751,0.8759897421701274,0.9293372165362934,0.07695235033202422,False
tsne3d_hdbscan,20,75,hdbscan,800,3,3,2,26.51601830663616,0.11512305749279442,1.0,0.9096344365155751,0.8759897421701274,0.9293372165362934,0.07695235033202422,False
tsne3d_hdbscan,20,100,hdbscan,100,5,24,13,48.93211289092296,1.6944987866264833,0.1,0.8510785913020377,0.2925911484328023,0.9399814600166696,0.07364763716024872,False
tsne3d_hdbscan,20,100,hdbscan,200,3,15,14,38.34858886346301,1.3126021254878675,0.1,0.8736505283892759,0.23406493401435471,0.9309323929642983,0.07069909730030456,False
tsne3d_hdbscan,20,100,hdbscan,800,5,3,2,38.92067124332571,0.12635549568866344,1.0,0.9053350054817879,0.8626609276893868,0.9318383770738752,0.06987111994324682,False
tsne3d_hdbscan,20,50,hdbscan,200,10,17,16,48.91304347826087,1.5580712781219428,0.1,0.8691967652999829,0.2246672352299409,0.9338163663797553,0.06918555892105319,False
tsne3d_hdbscan,20,125,hdbscan,200,3,12,11,41.41876430205949,1.2284194422494372,0.1,0.8779298999872803,0.2132456006555656,0.9337572313856765,0.06317788019853059,False
tsne3d_hdbscan,20,75,hdbscan,200,10,15,13,49.38024408848207,1.4127690505003843,0.1,0.8696444724169605,0.21398696872998907,0.9346194963551621,0.06219177610295609,False
tsne3d_hdbscan,20,150,hdbscan,200,3,13,12,44.40312738367658,1.2330483860418724,0.1,0.8703077218285722,0.2375497393865274,0.9300872337247484,0.05966275707184854,False
tsne3d_hdbscan,20,150,hdbscan,200,10,12,11,53.00343249427918,1.348130340922229,0.1,0.8662255138705177,0.2344452546238253,0.9313825257626749,0.054881881759520926,False
tsne3d_hdbscan,20,50,hdbscan,50,10,3,1,8.114035087719298,0.033197039269413024,0.0,0.9066337391202867,0.8714122801260513,0.941855198114522,0.0,False
tsne3d_hdbscan,20,50,hdbscan,100,10,3,1,8.114035087719298,0.033197039269413024,0.0,0.9066337391202867,0.8714122801260513,0.941855198114522,0.0,False
tsne3d_hdbscan,20,75,hdbscan,800,25,0,0,100.0,0.0,0.0,0.0,,,0.0,False
tsne3d_hdbscan,20,100,hdbscan,800,25,0,0,100.0,0.0,0.0,0.0,,,0.0,False
tsne3d_hdbscan,20,125,hdbscan,50,5,3,1,6.435926773455377,0.027414589155249868,0.0,0.9078407189567697,0.8732871564535215,0.9423942814600178,0.0,False
tsne3d_hdbscan,20,125,hdbscan,800,25,0,0,100.0,0.0,0.0,0.0,,,0.0,False
